,Brand,Model,Storage ,RAM ,Screen Size (inches),Camera (MP),Battery Capacity (mAh),Price ($)
0,Apple,iPhone 13 Pro,128 GB,6 GB,6.1,12 + 12 + 12,3095,999.0
1,Samsung,Galaxy S21 Ultra,256 GB,12 GB,6.8,108 + 10 + 10 + 12,5000,1199.0
2,OnePlus,9 Pro,128 GB,8 GB,6.7,48 + 50 + 8 + 2,4500,899.0
3,Xiaomi,Redmi Note 10 Pro,128 GB,6 GB,6.67,64 + 8 + 5 + 2,5020,279.0
4,Google,Pixel 6,128 GB,8 GB,6.4,50 + 12.2,4614,799.0
6,Samsung,Galaxy Z Flip3,256 GB,8 GB,6.7,12 + 12,3300,999.0
7,Xiaomi,Poco X3 Pro,128 GB,6 GB,6.67,48 + 8 + 2 + 2,5160,249.0
8,Oppo,Reno6 Pro+ 5G,128 GB,8 GB,6.55,50 + 13 + 16 + 2,4500,699.0
9,Vivo,X70 Pro+,256 GB,12 GB,6.78,50 + 48 + 12 + 8,4500,1199.0
10,OnePlus,Nord CE 5G,128 GB,6 GB,6.43,64 + 8 + 2,4500,329.0
11,Samsung,Galaxy A52s 5G,128 GB,6 GB,6.5,64 + 12 + 5 + 5,4500,449.0
12,Realme,GT Neo2,128 GB,8 GB,6.62,64 + 8 + 2,5000,329.0
13,Apple,iPhone 12 Mini,64 GB,4 GB,5.4,12 + 12,2227,699.0
14,Oppo,Find X3 Pro,256 GB,12 GB,6.7,50 + 50 + 13 + 3,4500,1199.0
15,Xiaomi,Mi 11 Lite 5G NE,128 GB,6 GB,6.55,64 + 8 + 5,4250,329.0
16,Samsung,Galaxy S21,128 GB,8 GB,6.2,64 + 12 + 12,4000,799.0
17,Vivo,Y20s (G),128 GB,6 GB,6.51,50 + 2 + 2,5000,199.0
18,Realme,8s 5G,128 GB,6 GB,6.5,48 + 2 + 2,5000,299.0
19,Oppo,A94,128 GB,8 GB,6.43,48 + 8 + 2 + 2,4310,379.0
20,Xiaomi,Redmi 10 Prime,128 GB,6 GB,6.5,50 + 8 + 2 + 2,6000,179.0
21,Samsung,Galaxy A22 5G,128 GB,4 GB,6.6,48 + 5,5000,279.0
22,Realme,Narzo 50 Pro 5G,128 GB,6 GB,6.5,48 + 50 + 2,5000,249.0
23,OnePlus,9,128 GB,8 GB,6.55,48 + 50 + 2,4500,729.0
24,Xiaomi,Redmi Note 10 Pro Max,128 GB,6 GB,6.67,108 + 8 + 5 + 2,5020,279.0
25,Apple,iPhone 11,64 GB,4 GB,6.1,12 + 12,3110,599.0
26,Samsung,Galaxy A03s,32 GB,3 GB,6.5,13 + 2 + 2,5000,139.0
27,Oppo,A74 5G,128 GB,6 GB,6.5,48 + 2 + 2,5000,299.0
28,Vivo,Y12s (2021),32 GB,3 GB,6.51,13 + 2,5000,139.0
29,Realme,9i,128 GB,4 GB,6.5,50 + 2 + 2,6000,189.0
30,Samsung,Galaxy M52 5G,128 GB,6 GB,6.7,64 + 12 + 5 + 5,5000,449.0
31,Xiaomi,Redmi 10,128 GB,4 GB,6.5,50 + 8 + 2 + 2,5000,179.0
32,Apple,iPhone SE (2nd Gen),64 GB,3 GB,4.7,12,1821,399.0
33,Oppo,A53s,128 GB,6 GB,6.5,13 + 2 + 2,5000,259.0
34,Vivo,Y33s,128 GB,8 GB,6.58,50 + 2 + 2,5000,279.0
35,Realme,C25s,128 GB,4 GB,6.5,13 + 2 + 2,6000,159.0
36,Samsung,Galaxy A22 4G,128 GB,6 GB,6.4,48 + 5 + 2,5000,229.0
37,OnePlus,Nord 2 5G,128 GB,8 GB,6.43,50 + 8 + 2,4500,399.0
38,Xiaomi,Poco M3 Pro 5G,64 GB,4 GB,6.5,48 + 2 + 2,5000,199.0
39,Apple,iPhone XR,64 GB,3 GB,6.1,12,2942,499.0
40,Oppo,A16,64 GB,3 GB,6.52,13 + 2 + 2,5000,159.0
41,Realme,C21Y,64 GB,4 GB,6.5,13 + 2 + 2,5000,129.0
43,Oppo,F19 Pro+ 5G,128 GB,8 GB,6.43,64 + 8 + 2 + 2,4310,399.0
44,Xiaomi,Mi 11X,128 GB,8 GB,6.67,48 + 8 + 5,4520,529.0
45,Apple,iPhone 12 Mini,64 GB,4 GB,5.4,12 + 12,2227,699.0
46,Vivo,V21e,128 GB,8 GB,6.44,64 + 8,4000,369.0
47,Realme,8 5G,128 GB,4 GB,6.5,48 + 2 + 2,5000,199.0
48,Samsung,Galaxy M12,64 GB,4 GB,6.5,48 + 5 + 2 + 2,6000,159.0
49,Oppo,A16s,64 GB,4 GB,6.52,13 + 2 + 2,5000,179.0
50,Xiaomi,Redmi 9 Power,128 GB,4 GB,6.53,48 + 8 + 2 + 2,6000,189.0
51,Apple,iPhone 11 Pro Max,256 GB,4 GB,6.5,12 + 12 + 12,3969,1099.0
52,Vivo,Y20G,64 GB,4 GB,6.51,13 + 2 + 2,5000,169.0
53,Realme,Narzo 50i,32 GB,2 GB,6.5,50 + 2,5000,99.0
54,Samsung,Galaxy A52s 5G,128 GB,6 GB,6.5,64 + 12 + 5 + 5,4500,459.0
55,Oppo,A54,128 GB,4 GB,6.51,13 + 2 + 2,5000,239.0
56,Xiaomi,Redmi 9T,128 GB,4 GB,6.53,48 + 8 + 2 + 2,6000,199.0
57,Apple,iPhone 13 Pro Max,256 GB,6 GB,6.7,12 + 12 + 12,4352,1299.0
58,Vivo,Y33,128 GB,8 GB,6.58,50 + 2 + 2,5000,249.0
59,Samsung,Galaxy A72,128 GB,8 GB,6.7,64 + 12 + 8 + 5,5000,429.0
60,Oppo,Reno6 Pro 5G,128 GB,12 GB,6.55,64 + 8 + 2 + 2,4500,659.0
61,Xiaomi,Poco M3 Pro 5G,64 GB,4 GB,6.5,48 + 2 + 2,5000,199.0
62,Apple,iPhone SE (2020),64 GB,3 GB,4.7,12,1821,399.0
63,Vivo,Y53s,128 GB,8 GB,6.58,64 + 2,5000,269.0
64,Realme,7i,128 GB,8 GB,6.5,64 + 8 + 2 + 2,5000,239.0
65,Samsung,Galaxy A52 5G,128 GB,6 GB,6.5,64 + 12 + 5 + 5,4500,449.0
66,Oppo,F19 Pro,128 GB,8 GB,6.43,48 + 8 + 2 + 2,4310,359.0
67,Xiaomi,Redmi Note 10S,128 GB,6 GB,6.43,64 + 8 + 2 + 2,5000,229.0
68,Apple,iPhone XR,64 GB,3 GB,6.1,12 + 12,2942,499.0
69,Vivo,Y21s,128 GB,4 GB,6.51,50 + 2,5000,179.0
70,Realme,C25s,128 GB,4 GB,6.5,13 + 2 + 2,6000,169.0
72,Oppo,A94,128 GB,8 GB,6.43,48 + 8 + 2 + 2,4310,329.0
73,Xiaomi,Mi 11 Lite 5G,128 GB,6 GB,6.55,64 + 8 + 5,4250,369.0
74,Apple,iPhone 11,128 GB,4 GB,6.1,12 + 12,3110,599.0
75,Vivo,X60 Pro,256 GB,12 GB,6.56,48 + 13 + 13,4200,799.0
76,Realme,Narzo 50A,64 GB,4 GB,6.5,50 + 2,5000,139.0
77,Apple,iPhone 13,128GB,4GB,6.1,12MP + 12MP,2815,799.0
78,Samsung,Galaxy S21,128GB,8GB,6.2,64MP + 12MP + 12MP,4000,799.0
79,OnePlus,Nord 2,128GB,8GB,6.43,50MP + 8MP + 2MP,4500,799.0
80,Google,Pixel 6,128GB,8GB,6.4,50MP + 12MP,4600,799.0
81,Xiaomi,Poco X4 Pro,128GB,6GB,6.67,48MP + 8MP + 2MP + 2MP,5160,799.0
82,Realme,GT Master Edition,128GB,8GB,6.43,64MP + 8MP + 2MP,4300,799.0
83,Vivo,X70 Pro+,256GB,12GB,6.78,50MP + 48MP + 12MP + 8MP,4450,799.0
84,Oppo,Reno6 Pro+,256GB,12GB,6.55,50MP + 16MP + 13MP + 2MP,4500,799.0
85,Motorola,Edge 20 Pro,256GB,12GB,6.7,108MP + 16MP + 8MP,4500,799.0
86,Nokia,XR20,128GB,6GB,6.67,48MP + 13MP,4630,799.0
87,Sony,Xperia 5 III,128GB,8GB,6.1,12MP + 12MP + 12MP,4500,799.0
88,LG,Wing,256GB,8GB,6.8 + 3.9,64MP + 13MP + 12MP,4000,799.0
89,Asus,Zenfone 8 Flip,256GB,8GB,6.67,64MP + 12MP + 8MP,5000,799.0
90,Blackberry,KEY2 LE,64GB,4GB,4.5,13MP + 5MP,3000,799.0
91,Samsung,Galaxy A72,128GB,6GB,6.7,64MP + 12MP + 8MP + 5MP,5000,449.0
92,Xiaomi,Redmi Note 10 Pro Max,128GB,6GB,6.67,108MP + 8MP + 5MP + 2MP,5020,319.0
93,Realme,Narzo 50 Pro 5G,128GB,8GB,6.5,48MP + 50MP + 2MP,5000,269.0
94,Oppo,F19 Pro+,128GB,8GB,6.43,48MP + 8MP + 2MP + 2MP,4310,349.0
95,Vivo,Y33s,128GB,8GB,6.58,50MP + 2MP + 2MP,5000,269.0
96,Motorola,Moto G60,128GB,6GB,6.8,108MP + 8MP + 2MP,6000,279.0
97,Nokia,5.4,64GB,4GB,6.39,48MP + 5MP + 2MP,4000,249.0
98,LG,K92 5G,128GB,6GB,6.7,64MP + 5MP + 2MP + 2MP,4000,349.0
99,Asus,Zenfone 8,128GB,6GB,5.9,64MP + 12MP,4000,699.0
100,Blackberry,KEY2,64GB,6GB,4.5,12MP + 12MP,3500,699.0
101,CAT,S42,32GB,3GB,5.5,13MP + 5MP,4200,299.0
102,Samsung,Galaxy Z Flip 3,128GB,8GB,6.7,12MP + 12MP,3300,999.0
103,OnePlus,9 Pro,256GB,12GB,6.7,48MP + 50MP + 8MP,4500,969.0
104,Xiaomi,Mi 11 Ultra,256GB,12GB,6.81,50MP + 48MP + 48MP,5000,1199.0
105,Oppo,A16,32GB,3GB,6.52,13MP + 2MP + 2MP,5000,149.0
106,Vivo,Y12A,32GB,3GB,6.51,13MP + 2MP,5000,139.0
107,Nokia,C20 Plus,32GB,3GB,6.5,8MP + 2MP,4950,99.0
109,Motorola,Moto E7i Power,32GB,2GB,6.5,13MP + 2MP,5000,99.0
110,Xiaomi,Poco M3 Pro 5G,128GB,6GB,6.5,48MP + 2MP + 2MP,5000,199.0
111,Realme,C21Y,64GB,4GB,6.5,13MP + 2MP + 2MP,5000,169.0
112,Asus,ROG Phone 5,128GB,8GB,6.78,64MP + 13MP + 5MP,6000,999.0
113,LG,Velvet 5G,128GB,6GB,6.8,48MP + 8MP + 5MP,4300,499.0
114,Blackberry,Evolve,64GB,6GB,5.99,12MP + 13MP,4000,399.0
115,Oppo,Reno 6 Pro+,256GB,12GB,6.55,50MP + 13MP + 16MP + 2MP,4500,799.0
116,Samsung,Galaxy A03s,64GB,4GB,6.5,13MP + 2MP + 2MP,5000,179.0
117,Xiaomi,Redmi 10 Prime,128GB,6GB,6.5,50MP + 8MP + 2MP + 2MP,6000,219.0
118,Motorola,Moto G50,64GB,4GB,6.5,48MP + 5MP + 2MP,5000,249.0
119,Realme,Narzo 50A,64GB,4GB,6.5,50MP + 2MP,6000,149.0
120,Nokia,G20,64GB,4GB,6.5,48MP + 5MP,5050,199.0
121,Samsung,Galaxy M32,128GB,6GB,6.4,64MP + 8MP + 2MP + 2MP,6000,279.0
122,Vivo,Y20G,64GB,4GB,6.51,13MP + 2MP + 2MP,5000,179.0
123,Asus,Zenfone 8 Flip,128GB,8GB,6.67,64MP + 12MP + 12MP,5000,899.0
124,Oppo,A54,128GB,6GB,6.51,50MP + 2MP + 2MP,5000,269.0
125,Samsung,Galaxy F22,128GB,6GB,6.4,48MP + 8MP + 2MP + 2MP,6000,229.0
126,Xiaomi,Mi 11 Lite 5G,128GB,6GB,6.55,64MP + 8MP + 5MP,4250,399.0
127,Realme,8i,128GB,4GB,6.6,50MP + 2MP + 2MP,5000,239.0
128,Nokia,C30,64GB,3GB,6.82,13MP + 2MP,6000,149.0
129,Samsung,Galaxy A32,128GB,6GB,6.4,64MP + 8MP + 5MP + 5MP,5000,279.0
130,Xiaomi,Redmi Note 10 Pro Max,128GB,8GB,6.67,108MP + 8MP + 5MP + 2MP,5020,329.0
131,Realme,C21Y,64GB,4GB,6.5,13MP + 2MP + 2MP,5000,149.0
132,Nokia,XR20,128GB,6GB,6.67,48MP + 13MP,4630,549.0
133,Samsung,Galaxy A52s 5G,128GB,6GB,6.5,64MP + 12MP + 5MP + 5MP,4500,449.0
134,Vivo,Y33s,128GB,8GB,6.58,50MP + 2MP,5000,279.0
135,Oppo,A16s,64GB,4GB,6.52,13MP + 2MP + 2MP,5000,199.0
136,Motorola,Moto G Stylus 5G,128GB,5GB,6.8,48MP + 8MP + 5MP,5000,399.0
137,Xiaomi,Poco M3 Pro 5G,64GB,4GB,6.5,48MP + 2MP + 2MP,5000,179.0
138,Realme,GT Neo2,128GB,8GB,6.62,64MP + 8MP + 2MP,5000,399.0
139,Nokia,C20 Plus,32GB,3GB,6.5,8MP + 2MP,4950,109.0
140,Samsung,Galaxy A21s,128GB,4GB,6.5,48MP + 8MP + 2MP + 2MP,5000,219.0
142,Oppo,F19s,128GB,6GB,6.43,48MP + 2MP + 2MP,5000,299.0
143,Realme,Narzo 30 Pro 5G,128GB,8GB,6.5,48MP + 8MP + 2MP,5000,279.0
144,Samsung,Galaxy A03s,32GB,3GB,6.5,13MP + 2MP + 2MP,5000,149.0
145,Xiaomi,Redmi 10 Prime,128GB,4GB,6.5,50MP + 8MP + 2MP + 2MP,6000,189.0
146,Motorola,Moto G Pure,32GB,3GB,6.5,48MP + 2MP,5000,169.0
147,Oppo,Reno6 Z 5G,128GB,8GB,6.4,64MP + 8MP + 2MP,4310,389.0
148,Samsung,Galaxy S21 Ultra 5G,256GB,12GB,6.8,108MP + 12MP + 10MP + 10MP,5000,1199.0
149,Vivo,Y53s,128GB,8GB,6.58,64MP + 2MP,5000,299.0
150,Realme,8i,128GB,4GB,6.6,50MP + 2MP + 2MP,5000,219.0
151,Nokia,G50,64GB,4GB,6.82,48MP + 5MP + 2MP,5000,299.0
152,Xiaomi,Redmi 9 Activ,64GB,4GB,6.53,13MP + 2MP,5000,149.0
153,Oppo,A54s,128GB,6GB,6.5,50MP + 2MP + 2MP,5000,249.0
154,Samsung,Galaxy M22,128GB,4GB,6.4,48MP + 8MP + 2MP + 2MP,5000,219.0
155,Motorola,Moto G Power 2022,128GB,4GB,6.6,48MP + 8MP + 2MP,5000,249.0
156,Vivo,Y21s,128GB,4GB,6.51,50MP + 2MP,5000,179.0
157,Xiaomi,Poco X3 GT,128GB,8GB,6.6,64MP + 8MP + 2MP,5000,299.0
158,Samsung,Galaxy F42 5G,128GB,8GB,6.6,64MP + 8MP + 5MP,5000,309.0
159,Oppo,A16s,128GB,4GB,6.52,13MP + 2MP + 2MP,5000,179.0
160,Vivo,V21e,128GB,8GB,6.44,64MP + 8MP,4000,369.0
161,Realme,GT Master Edition,128GB,6GB,6.43,64MP + 8MP + 2MP,4300,349.0
162,Motorola,Edge 20 Fusion,128GB,6GB,6.7,108MP + 8MP + 2MP,5000,499.0
163,Samsung,Galaxy A21s,64GB,4GB,6.5,48MP + 8MP + 2MP + 2MP,5000,199.0
164,Xiaomi,Redmi Note 10S,128GB,6GB,6.43,64MP + 8MP + 2MP + 2MP,5000,229.0
165,Oppo,A74 5G,128GB,6GB,6.5,48MP + 2MP + 2MP,5000,299.0
166,Realme,C21,64GB,3GB,6.5,13MP + 2MP + 2MP,5000,129.0
167,Samsung,Galaxy M52 5G,128GB,6GB,6.7,64MP + 12MP + 5MP + 5MP,5000,449.0
168,Vivo,V21 5G,128GB,8GB,6.44,64MP + 8MP,4000,499.0
169,Xiaomi,Redmi Note 9 Pro Max,128GB,6GB,6.67,64MP + 8MP + 5MP + 2MP,5020,279.0
170,Motorola,Moto G Stylus 5G,128GB,5GB,6.8,48MP + 8MP + 5MP,5000,399.0
171,Oppo,Reno6 Pro+ 5G,256GB,12GB,6.55,50MP + 16MP + 13MP + 2MP,4500,849.0
172,Realme,Narzo 30 Pro 5G,128GB,6GB,6.5,48MP + 8MP + 2MP,5000,279.0
173,Samsung,Galaxy A32,128GB,4GB,6.4,64MP + 8MP + 5MP + 2MP,5000,299.0
174,Xiaomi,Poco X3 Pro,128GB,6GB,6.67,48MP + 8MP + 2MP + 2MP,5160,249.0
175,Realme,C25s,128GB,4GB,6.5,13MP + 2MP + 2MP,6000,149.0
176,Motorola,Moto G Power 2021,64GB,4GB,6.6,48MP + 2MP,5000,199.0
177,Samsung,Galaxy A52s 5G,128GB,6GB,6.5,64MP + 12MP + 5MP + 5MP,4500,469.0
178,Vivo,V21e 5G,128GB,8GB,6.44,64MP + 8MP,4000,329.0
179,Oppo,A53s 5G,128GB,6GB,6.52,13MP + 2MP + 2MP,5000,279.0
180,Realme,GT Neo2,128GB,8GB,6.62,64MP + 8MP + 2MP,5000,369.0
181,Samsung,Galaxy M32,128GB,4GB,6.4,64MP + 8MP + 2MP + 2MP,6000,269.0
182,Xiaomi,Mi 11 Lite NE,128GB,6GB,6.55,64MP + 8MP + 5MP,4250,329.0
184,Oppo,A54s 5G,128GB,6GB,6.5,48MP + 2MP + 2MP,5000,299.0
185,Samsung,Galaxy F41,128GB,6GB,6.4,64MP + 8MP + 5MP,6000,239.0
186,Xiaomi,Redmi Note 10 Pro,128GB,6GB,6.67,64MP + 8MP + 5MP + 2MP,5020,329.0
187,Realme,Narzo 50A,128GB,4GB,6.5,50MP + 2MP,5000,149.0
188,Oppo,A16s,64GB,4GB,6.52,13MP + 2MP + 2MP,5000,189.0
189,Samsung,Galaxy M52,128GB,6GB,6.7,64MP + 12MP + 5MP + 5MP,5000,449.0
190,Vivo,V21 5G,128GB,8GB,6.44,64MP + 8MP + 2MP,4000,399.0
191,Motorola,Moto G50s,128GB,4GB,6.5,48MP + 5MP + 2MP,5000,249.0
192,Samsung,Galaxy A13,64GB,4GB,6.5,50MP + 5MP,5000,189.0
193,Xiaomi,Redmi 9 Activ,128GB,6GB,6.53,50MP + 2MP,5000,209.0
194,Realme,7i,128GB,8GB,6.5,64MP + 8MP + 2MP + 2MP,5000,199.0
195,Oppo,A74 5G,128GB,6GB,6.5,48MP + 2MP + 2MP,5000,299.0
196,Samsung,Galaxy A42 5G,128GB,4GB,6.6,48MP + 8MP + 5MP + 5MP,5000,329.0
197,Vivo,Y33s,128GB,8GB,6.58,50MP + 2MP + 2MP,5000,249.0
198,Motorola,Moto G9 Power Lite,64GB,4GB,6.5,48MP + 2MP + 2MP,6000,149.0
199,Realme,C21Y,64GB,4GB,6.5,13MP + 2MP + 2MP,5000,119.0
200,Samsung,Galaxy A22,128GB,4GB,6.4,48MP + 8MP + 2MP + 2MP,5000,219.0
201,Xiaomi,Redmi Note 10S,128GB,6GB,6.43,64MP + 8MP + 2MP + 2MP,5000,279.0
202,Oppo,A74,128GB,6GB,6.43,48MP + 2MP + 2MP,5000,299.0
203,Samsung,Galaxy A32,128GB,4GB,6.4,64MP + 8MP + 5MP + 5MP,5000,269.0
204,Vivo,Y72 5G,128GB,8GB,6.58,64MP + 8MP + 2MP,5000,339.0
205,Motorola,Moto G60,128GB,6GB,6.8,108MP + 8MP + 2MP,6000,299.0
206,Xiaomi,Mi 10i,128GB,6GB,6.67,108MP + 8MP + 2MP + 2MP,4820,319.0
207,Realme,Narzo 30 Pro,128GB,8GB,6.5,48MP + 8MP + 2MP,5000,279.0
208,Samsung,Galaxy M62,128GB,8GB,6.7,64MP + 12MP + 5MP + 5MP,7000,429.0
209,Oppo,A53s,128GB,6GB,6.5,50MP + 2MP + 2MP,5000,269.0
210,Xiaomi,Redmi 10 Prime,128GB,6GB,6.5,50MP + 8MP + 2MP + 2MP,6000,199.0
211,Realme,C25s,128GB,4GB,6.5,13MP + 2MP + 2MP,6000,159.0
212,Samsung,Galaxy A12,64GB,4GB,6.5,48MP + 5MP + 2MP + 2MP,5000,179.0
213,Xiaomi,Poco X3 Pro,128GB,6GB,6.67,48MP + 8MP + 2MP + 2MP,5160,299.0
214,Samsung,Galaxy A03s,64GB,4GB,6.5,13MP + 2MP + 2MP,5000,149.0
215,Oppo,A15s,64GB,4GB,6.52,13MP + 2MP + 2MP,4230,169.0
216,Realme,C11 2021,32GB,2GB,6.52,8MP + 2MP,5000,99.0
217,Nokia,C30,32GB,2GB,6.82,13MP + 2MP,6000,149.0
218,Xiaomi,Redmi 9i,64GB,4GB,6.53,13MP,5000,139.0
219,Samsung,Galaxy A22 5G,128GB,4GB,6.6,48MP + 5MP + 2MP,5000,279.0
220,Oppo,A53,128GB,6GB,6.5,13MP + 2MP + 2MP,5000,219.0
221,Vivo,Y12s,32GB,3GB,6.51,13MP + 2MP,5000,149.0
222,Xiaomi,Mi 11 Lite 5G,128GB,8GB,6.55,64MP + 8MP + 5MP,4250,429.0
223,Realme,7 5G,128GB,6GB,6.5,48MP + 8MP + 2MP,5000,279.0
224,Samsung,Galaxy M31s,128GB,6GB,6.5,64MP + 12MP + 5MP + 5MP,6000,379.0
226,Nokia,G10,32GB,3GB,6.52,13MP + 2MP + 2MP,5050,169.0
227,Xiaomi,Poco X3 GT,128GB,8GB,6.6,64MP + 8MP + 2MP,5000,329.0
228,Realme,C25,64GB,4GB,6.5,13MP + 2MP + 2MP,6000,179.0
229,Xiaomi,Redmi Note 10 Pro Max,128GB,8GB,6.67,108MP + 8MP + 5MP + 2MP,5020,329.0
230,Samsung,Galaxy A52 5G,128GB,6GB,6.5,64MP + 12MP + 5MP + 5MP,4500,449.0
231,Oppo,A94,128GB,8GB,6.43,48MP + 8MP + 2MP + 2MP,4310,399.0
232,Vivo,Y33s,128GB,8GB,6.58,50MP + 2MP + 2MP,5000,289.0
233,Realme,Narzo 50A,64GB,4GB,6.5,50MP + 2MP,5000,149.0
234,Nokia,X20,128GB,6GB,6.67,64MP + 5MP + 2MP + 2MP,4470,449.0
235,Xiaomi,Redmi 9 Power,128GB,4GB,6.53,48MP + 8MP + 2MP + 2MP,6000,199.0
236,Samsung,Galaxy M12,64GB,4GB,6.5,48MP + 5MP + 2MP + 2MP,6000,179.0
237,Oppo,A53s,128GB,6GB,6.5,13MP + 2MP + 2MP,5000,229.0
238,Vivo,Y20s G,128GB,6GB,6.51,50MP + 2MP + 2MP,5000,209.0
239,Realme,C21Y,64GB,4GB,6.5,13MP + 2MP + 2MP,5000,139.0
240,Nokia,C20 Plus,32GB,3GB,6.5,8MP + 2MP,4950,99.0
241,Xiaomi,Redmi 10 Prime,128GB,4GB,6.5,50MP + 8MP + 2MP + 2MP,6000,199.0
242,Oppo,Reno 6 Pro 5G,128GB,12GB,6.55,64MP + 8MP + 2MP,4500,549.0
243,Vivo,Y31s,128GB,6GB,6.58,13MP + 2MP,5000,239.0
244,Realme,8 5G,128GB,8GB,6.5,48MP + 2MP,5000,299.0
245,Nokia,G20,64GB,4GB,6.5,48MP + 5MP + 2MP + 2MP,5050,199.0
246,Xiaomi,Poco X3 Pro,128GB,6GB,6.67,48MP + 8MP + 2MP + 2MP,5160,249.0
247,Samsung,Galaxy A32 5G,128GB,4GB,6.5,48MP + 8MP + 5MP + 2MP,5000,279.0
248,Oppo,A16,32GB,3GB,6.52,13MP + 2MP + 2MP,5000,149.0
249,Vivo,V21 5G,128GB,8GB,6.44,64MP + 8MP + 2MP,4000,469.0
250,Realme,C11 2021,32GB,2GB,6.5,8MP + 2MP,5000,99.0
251,Nokia,5.4,128GB,4GB,6.39,48MP + 5MP + 2MP + 2MP,4000,249.0
252,Xiaomi,Redmi Note 10,64GB,4GB,6.43,48MP + 8MP + 2MP + 2MP,5000,199.0
253,Samsung,Galaxy F41,64GB,6GB,6.4,64MP + 8MP + 5MP,6000,249.0
254,Oppo,A54,128GB,6GB,6.51,48MP + 2MP + 2MP,5000,249.0
255,Vivo,V20 SE,128GB,8GB,6.44,48MP + 8MP + 2MP,4100,319.0
256,Nokia,3.4,64GB,3GB,6.39,13MP + 5MP + 2MP,4000,179.0
257,Xiaomi,Redmi Note 9 Pro Max,64GB,6GB,6.67,64MP + 8MP + 5MP + 2MP,5020,279.0
258,Samsung,Galaxy M31s,128GB,8GB,6.5,64MP + 12MP + 5MP + 5MP,6000,349.0
259,Oppo,A54,128GB,4GB,6.51,13MP + 2MP + 2MP,5000,219.0
260,Vivo,Y12s,32GB,3GB,6.51,13MP + 2MP,5000,149.0
261,Realme,C20,32GB,2GB,6.5,8MP,5000,99.0
262,Nokia,1.4,32GB,2GB,6.51,8MP + 2MP,4000,119.0
263,Xiaomi,Redmi 9 Power,64GB,4GB,6.53,48MP + 8MP + 2MP + 2MP,6000,169.0
265,Oppo,A15s,64GB,4GB,6.52,13MP + 2MP + 2MP,4230,159.0
266,Vivo,Y51A,128GB,8GB,6.58,48MP + 8MP + 2MP,5000,289.0
267,Realme,Narzo 20,64GB,4GB,6.5,48MP + 8MP + 2MP,6000,199.0
268,Nokia,5.3,64GB,3GB,6.55,13MP + 5MP + 2MP + 2MP,4000,199.0
269,Xiaomi,Redmi Note 8,64GB,4GB,6.3,48MP + 8MP + 2MP + 2MP,4000,179.0
270,Samsung,Galaxy M11,32GB,3GB,6.4,13MP + 5MP + 2MP,5000,130.0
271,Oppo,A54,64GB,4GB,6.51,13MP + 2MP + 2MP,5000,199.0
272,Vivo,Y20s,128GB,8GB,6.51,13MP + 2MP + 2MP,5000,249.0
273,Realme,C11,32GB,2GB,6.5,13MP + 2MP,5000,99.0
274,Nokia,2.4,32GB,2GB,6.5,8MP + 2MP,4500,129.0
275,Xiaomi,Redmi 9,64GB,4GB,6.53,13MP + 8MP + 5MP + 2MP,5020,149.0
276,Samsung,Galaxy A11,32GB,2GB,6.4,13MP + 5MP + 2MP,4000,129.0
277,Oppo,A12,64GB,4GB,6.22,13MP + 2MP,4230,139.0
278,Vivo,Y20G,128GB,6GB,6.51,13MP + 2MP + 2MP,5000,229.0
279,Realme,C15,64GB,4GB,6.5,13MP + 8MP + 2MP + 2MP,6000,179.0
280,Nokia,3.1 Plus,32GB,3GB,6,13MP + 5MP,3500,139.0
281,Xiaomi,Redmi Note 7,64GB,4GB,6.3,48MP + 5MP,4000,159.0
282,Samsung,Galaxy A12,64GB,4GB,6.5,48MP + 5MP + 2MP + 2MP,5000,179.0
283,Oppo,A31,128GB,4GB,6.5,12MP + 2MP + 2MP,4230,199.0
284,Vivo,Y15,64GB,4GB,6.35,13MP + 8MP + 2MP,5000,189.0
285,Realme,Narzo 10A,32GB,3GB,6.5,12MP + 2MP + 2MP,5000,129.0
286,Xiaomi,Redmi 9T,128GB,4GB,6.53,48MP + 8MP + 2MP + 2MP,6000,229.0
287,Samsung,Galaxy A30s,64GB,4GB,6.4,25MP + 8MP + 5MP,4000,279.0
288,Samsung,Galaxy Note 20 Ultra,256,12,6.9,108+12+12,4500,1299.0
289,Apple,iPhone SE (2020),64,3,4.7,12,1821,399.0
290,Xiaomi,Poco X3 Pro,128,6,6.67,48+8+2+2,5160,249.0
291,Google,Pixel 5,128,8,6,12.2+16,4080,699.0
292,Huawei,Mate 40 Pro,256,8,6.76,50+20+12+3D,4400,1199.0
293,OnePlus,Nord N10 5G,128,6,6.49,64+8+2+2,4300,299.0
294,Oppo,Reno 5 Pro 5G,128,8,6.55,64+8+2+2,4350,449.0
295,Samsung,Galaxy A71,128,6,6.7,64+12+5+5,4500,599.0
296,Nokia,8.3 5G,128,8,6.81,64+12+2+2,4500,499.0
297,Apple,iPhone 11 Pro Max,512,4,6.5,12+12+12,3969,1099.0
298,Xiaomi,Mi 11,256,8,6.81,108+13+5,4600,749.0
299,Motorola,Moto G Power (2021),64,4,6.6,48+2+2,5000,199.0
300,Google,Pixel 4a 5G,128,6,6.2,12.2+16,3885,499.0
301,Huawei,Nova 8 Pro 5G,128,8,6.72,64+8+2+2,4000,699.0
302,Samsung,Galaxy A52,128,6,6.5,64+12+5+5,4500,449.0
303,OnePlus,8T,256,12,6.55,48+16+5+2,4500,749.0
304,Xiaomi,Redmi 9,64,4,6.53,13+8+5+2,5020,149.0
305,Apple,iPhone 13,128,6,6.1,12+12+12,2815,799.0
306,Oppo,A15s,64,4,6.52,13+2+2,4230,159.0
307,Nokia,G50 5G,128,4,6.82,48+5+2,4850,299.0
308,Apple,iPhone XR,64,3,6.1,12+7,2942,599.0
309,Samsung,Galaxy S21 Ultra 5G,256,12,6.8,108+10+10+12,5000,1199.0
310,Xiaomi,Redmi Note 10 Pro,128,6,6.67,108+8+5+2,5020,279.0
311,Oppo,Find X3 Neo 5G,256,12,6.55,50+16+13+2,4500,899.0
312,Huawei,P40 Pro,256,8,6.58,50+12+40+3D,4200,1099.0
313,OnePlus,9 Pro,256,12,6.7,48+50+8+2,4500,969.0
314,Motorola,Moto G Stylus (2021),128,4,6.4,48+8+2,4000,299.0
315,Google,Pixel 4,128,6,5.7,12.2+16,2800,799.0
316,Samsung,Galaxy A12,128,4,6.5,48+5+2+2,5000,179.0
317,Nokia,5.4,64,4,6.39,48+5+2+2,4000,179.0
318,Apple,iPhone 12,128,4,6.1,12+12,2815,799.0
319,Xiaomi,Redmi 10,128,4,6.5,50+8+2+2,5000,229.0
320,Oppo,A94 5G,128,8,6.43,48+8+2+2,4310,399.0
321,Huawei,Nova 9 Pro 5G,256,8,6.72,50+8+16+2,4500,699.0
322,Samsung,Galaxy S10 Lite,128,6,6.7,48+12+5,4500,649.0
323,OnePlus,8 Pro,256,12,6.78,48+48+8+5,4510,999.0
324,Nokia,7.2,128,6,6.3,48+8+5,3500,349.0
325,Xiaomi,Mi 10T Pro,256,8,6.67,108+13+5,5000,599.0
326,Apple,iPhone 11,64,4,6.1,12+12+12,3110,699.0
327,Oppo,F19 Pro+ 5G,128,8,6.43,64+8+2+2,4310,419.0
328,Motorola,Moto G Power (2021),64,3,6.6,48+2+2,5000,199.0
329,Samsung,Galaxy A71,128,6,6.7,64+12+5+5,4500,399.0
331,Xiaomi,Poco X3 Pro,128,6,6.67,48+8+2+2,5160,249.0
332,Google,Pixel 5,128,8,6,12.2+16,4080,699.0
333,Apple,iPhone SE (2020),64,3,4.7,12,1821,399.0
334,Samsung,Galaxy M51,128,6,6.7,64+12+5+5,7000,449.0
335,Oppo,Reno4 Pro 5G,256,12,6.55,48+12+13,4000,799.0
336,Nokia,3.4,64,4,6.39,13+5+2,4000,179.0
337,Motorola,Moto G9 Plus,128,4,6.81,64+8+2+2,5000,279.0
338,Apple,iPhone XS Max,256,4,6.5,12+12,3174,1099.0
339,Samsung,Galaxy A32 5G,128,4,6.5,48+8+5+2,5000,279.0
340,Xiaomi,Redmi Note 9S,128,6,6.67,48+8+5+2,5020,249.0
341,Oppo,A92,128,8,6.5,48+8+2+2,5000,399.0
342,Huawei,P30 Pro,256,8,6.47,40+20+8+ToF,4200,999.0
343,Samsung,Galaxy S20 FE 5G,128,6,6.5,12+12+8,4500,699.0
344,OnePlus,7 Pro,256,8,6.67,48+16+8,4000,699.0
345,Nokia,6.2,128,4,6.3,16+8+5,3500,249.0
346,Xiaomi,Mi 10T Lite,128,6,6.67,64+8+2+2,4820,279.0
347,Apple,iPhone 8 Plus,64,3,5.5,12+12,2691,699.0
348,Oppo,A53,128,4,6.5,13+2+2,5000,249.0
349,Motorola,Moto G8 Power,64,4,6.4,16+8+8+2,5000,229.0
350,Huawei,Nova 7i,128,8,6.4,48+8+2+2,4200,329.0
351,Samsung,Galaxy S21+ 5G,256,8,6.7,12+64+12,4800,999.0
352,Xiaomi,Mi 11 Lite,128,6,6.55,64+8+5,4250,399.0
353,Nokia,8.3 5G,128,8,6.81,64+12+2+2,4500,499.0
354,OnePlus,Nord,128,8,6.44,48+8+5+2,4115,449.0
355,Apple,iPhone XR,64,3,6.1,12,2942,499.0
356,Samsung,Galaxy A12,128,4,6.5,48+5+2+2,5000,179.0
357,Oppo,A94 5G,128,8,6.43,48+8+2+2,4310,399.0
358,Xiaomi,Redmi 9T,128,4,6.53,48+8+2+2,6000,199.0
359,Motorola,Moto G10,128,4,6.5,48+8+2+2,5000,199.0
360,Samsung,Galaxy A52 5G,128,6,6.5,64+12+5+5,4500,449.0
361,Huawei,P40 Pro+,512,8,6.58,50+40+12+3D,4200,1399.0
362,Apple,iPhone 11 Pro Max,64,4,6.5,12+12+12,3969,1099.0
363,Samsung,Galaxy Note20 5G,256,8,6.7,12+64+12,4300,999.0
364,Xiaomi,Poco M3,128,4,6.53,48+2+2,6000,179.0
365,Nokia,5.4,64,4,6.39,48+5+2+2,4000,179.0
366,Oppo,Find X3 Neo 5G,256,12,6.55,50+16+13+2,4500,799.0
367,Samsung,Galaxy S20 Ultra 5G,512,16,6.9,108+48+12+3D,5000,1399.0
368,Xiaomi,Redmi Note 9S,128,6,6.67,48+8+5+2,5020,229.0
369,Apple,iPhone 12 mini,256,4,5.4,12+12,2227,899.0
370,Samsung,Galaxy A21s,128,6,6.5,48+8+2+2,5000,199.0
371,OnePlus,9,128,8,6.55,48+50+2,4500,729.0
372,Motorola,Moto G9 Power,128,4,6.8,64+2+2,6000,229.0
373,Samsung,Galaxy Z Fold2 5G,256,12,7.6 (unfolded),12+12+12,4500,1999.0
374,Xiaomi,Mi 10T Pro 5G,128,8,6.67,108+13+5,5000,599.0
375,Oppo,Reno4 Pro 5G,256,12,6.5,48+13+12+2,4000,799.0
376,Huawei,P40 Pro,256,8,6.58,50+12+40+3D,4200,999.0
377,Samsung,Galaxy S20 FE 5G,128,6,6.5,12+12+8,4500,699.0
378,Nokia,2.4,32,2,6.5,13+2,4500,139.0
379,Apple,iPhone SE (2020),128,3,4.7,12,1821,449.0
380,Xiaomi,Redmi 9C,64,3,6.53,13+2+2,5000,119.0
381,Samsung,Galaxy A32 5G,128,4,6.5,48+8+5+2,5000,279.0
382,OnePlus,Nord N10 5G,128,6,6.49,64+8+2+2,4300,299.0
383,Huawei,Y7p,64,4,6.39,48+8+2,4000,199.0
384,Apple,iPhone 12 Pro,128,6,6.1,12+12+12,2815,999.0
385,Samsung,Galaxy A42 5G,128,4,6.6,48+8+5+5,5000,329.0
386,Xiaomi,Redmi Note 10 Pro,128,6,6.67,108+8+5+2,5020,329.0
387,Samsung,Galaxy S21,128,8,6.2,64+12+12,4000,799.0
388,Apple,iPhone 11,128,4,6.1,12+12,3110,749.0
389,Xiaomi,Redmi 9T,128,4,6.53,48+8+2+2,6000,199.0
390,Google,Pixel 5,128,8,6,12.2+16,4080,699.0
391,Huawei,Nova 7i,128,8,6.4,48+8+2+2,4200,349.0
392,Samsung,Galaxy S20 Ultra 5G,128,12,6.9,108+48+12+0.3,5000,1199.0
393,OnePlus,8T,128,8,6.55,48+16+5+2,4500,749.0
394,Motorola,Moto G8 Power,64,4,6.4,16+8+8+2,5000,199.0
395,Realme,7,128,8,6.5,64+8+2+2,5000,299.0
397,Xiaomi,Poco M3,128,4,6.53,48+2+2,6000,149.0
398,Samsung,Galaxy A52 5G,128,6,6.5,64+12+5+5,4500,449.0
399,Oppo,A93,128,8,6.43,48+8+2+2,4000,319.0
400,Motorola,Moto G Pro,128,4,6.4,48+16+2,4000,329.0
401,Huawei,P30 Lite,128,4,6.15,48+8+2,3340,329.0
402,Samsung,Galaxy Note20 5G,128,8,6.7,12+64+12,4300,1049.0
403,Xiaomi,Mi 10 Lite 5G,128,6,6.57,48+8+2+2,4160,349.0
404,Apple,iPhone 12 Pro Max,128,6,6.7,12+12+12,3687,1099.0
405,Oppo,Reno3,128,8,6.4,48+13+8+2,4025,429.0
406,Samsung,Galaxy S10 Lite,128,6,6.7,48+12+5,4500,649.0
